title,hook,body_1,body_2,body_3,body_4,body_5,cta
Biohazard cleanup service,Biohazard cleanup service: what to check first.,Start with who already pays for this problem.,Then check what the average job is worth.,Then check how repeat demand shows up.,,,Save this if you are comparing business ideas.
Biohazard cleanup service,How to check Biohazard cleanup service before you commit.,A common mistake is judging the idea by image instead of demand.,The better check is real demand and clean positioning.,That usually tells you more about Biohazard cleanup service.,,,Save this if you are comparing business ideas.
Biohazard cleanup service,Biohazard cleanup service looks different once you check these three things.,Biohazard cleanup service matters more when it helps you choose a business idea that solves a real problem.,That means looking at who already pays for this problem.,Not just the label or the pitch.,,,Save this if you are comparing business ideas.
Biohazard cleanup service,"Before you choose Biohazard cleanup service, read this.",Most people start with surface details.,A better sequence starts with who already pays for this problem.,Then what the average job is worth.,Then compare what still makes sense after the first month.,Then decide whether the fit is real.,Save this if you are comparing business ideas.
Biohazard cleanup service,Biohazard cleanup service is simpler to check than it seems.,"If you skip the source, the decision gets weaker.",Check who already pays for this problem.,Check how repeat demand shows up.,Then decide whether Biohazard cleanup service actually fits.,,Save this if you are comparing business ideas.
Biohazard cleanup service,Biohazard cleanup service: start with the main filter.,The quick read is usually incomplete.,The useful read is about real demand and clean positioning.,That is what tells you whether Biohazard cleanup service is worth more review.,,,Save this if you are comparing business ideas.
Biohazard cleanup service,The plain way to look at Biohazard cleanup service.,Do not start with tools or opinions.,Start with who already pays for this problem.,Then look at what the average job is worth.,That usually saves time later.,,Save this if you are comparing business ideas.
Biohazard cleanup service,Biohazard cleanup service: the key details to review.,The point of Biohazard cleanup service is not the title.,The point is what it helps you do.,That is why real demand and clean positioning matters more.,,,Save this if you are comparing business ideas.
Biohazard cleanup service,What matters most in Biohazard cleanup service.,A cleaner decision starts with one clear sequence.,Check who already pays for this problem.,Then look at what the average job is worth.,Then look at how repeat demand shows up.,Then look at the real cost of delay.,Save this if you are comparing business ideas.
Biohazard cleanup service,Biohazard cleanup service: the first filter that matters.,The wrong filter makes Biohazard cleanup service look weaker than it is.,The right filter is who already pays for this problem.,That is where the useful signal is.,,,Save this if you are comparing business ideas.
Biohazard cleanup service,A plain way to review Biohazard cleanup service.,Stop chasing more information too early.,Look for who already pays for this problem.,Look for how repeat demand shows up.,That is usually enough for a first pass.,,Save this if you are comparing business ideas.
Biohazard cleanup service,Biohazard cleanup service: where people usually start too late.,People often check this too late.,That is when avoidable mistakes show up.,Biohazard cleanup service gets easier when you start with the source.,,,Save this if you are comparing business ideas.
Biohazard cleanup service,How to compare Biohazard cleanup service without wasting time.,The first step is usually smaller than people think.,Check who already pays for this problem.,Write down what you find.,Then compare options from there.,,Save this if you are comparing business ideas.
Biohazard cleanup service,Biohazard cleanup service: the details worth checking.,You do not need more noise around Biohazard cleanup service.,You need a better filter.,Use who already pays for this problem.,Then test the fit.,,Save this if you are comparing business ideas.
Biohazard cleanup service,The simplest way to judge Biohazard cleanup service.,The useful question is simple.,Does this make the next move clearer?,"If yes, keep going.","If not, reset the filter.",,Save this if you are comparing business ideas.
Biohazard cleanup service,Biohazard cleanup service: what actually changes the choice.,Most people focus on the front end.,A better read is the downstream effect.,What does this save or change later?,,,Save this if you are comparing business ideas.
Biohazard cleanup service,What to review before you move on Biohazard cleanup service.,A lot of confusion comes from skipping the less visible part.,That part usually controls the result.,That is why who already pays for this problem matters.,,,Save this if you are comparing business ideas.
Biohazard cleanup service,Biohazard cleanup service: a simpler way to compare it.,The goal is not to collect more talking points.,The goal is to make a better call.,That happens when you check the right things first.,,,Save this if you are comparing business ideas.
Biohazard cleanup service,The plain read on Biohazard cleanup service.,Do not decide on Biohazard cleanup service from one article or one opinion.,Check the source.,Check the fit.,Then move.,,Save this if you are comparing business ideas.
Biohazard cleanup service,Biohazard cleanup service: use this before making a decision.,The easiest way to reduce risk is simple.,Check who already pays for this problem.,Check what the average job is worth.,Check how repeat demand shows up.,Then check what changes if you ignore it.,Save this if you are comparing business ideas.
Medical billing and coding,Medical billing and coding: what to check first.,Start with what someone will actually pay to get done.,Then check how easy the result is to explain.,Then check how fast trust can be built.,,,Save this if you want more self directed income ideas.
Medical billing and coding,How to check Medical billing and coding before you commit.,A common mistake is treating it like a job title instead of a paid service.,The better check is clear deliverables and buyer trust.,That usually tells you more about Medical billing and coding.,,,Save this if you want more self directed income ideas.
Medical billing and coding,Medical billing and coding looks different once you check these three things.,Medical billing and coding matters more when it helps you turn a skill into a clear paid offer.,That means looking at what someone will actually pay to get done.,Not just the label or the pitch.,,,Save this if you want more self directed income ideas.
Medical billing and coding,"Before you choose Medical billing and coding, read this.",Most people start with surface details.,A better sequence starts with what someone will actually pay to get done.,Then how easy the result is to explain.,Then compare what still makes sense after the first month.,Then decide whether the fit is real.,Save this if you want more self directed income ideas.
Medical billing and coding,Medical billing and coding is simpler to check than it seems.,"If you skip the source, the decision gets weaker.",Check what someone will actually pay to get done.,Check how fast trust can be built.,Then decide whether Medical billing and coding actually fits.,,Save this if you want more self directed income ideas.
Medical billing and coding,Medical billing and coding: start with the main filter.,The quick read is usually incomplete.,The useful read is about clear deliverables and buyer trust.,That is what tells you whether Medical billing and coding is worth more review.,,,Save this if you want more self directed income ideas.
Medical billing and coding,The plain way to look at Medical billing and coding.,Do not start with tools or opinions.,Start with what someone will actually pay to get done.,Then look at how easy the result is to explain.,That usually saves time later.,,Save this if you want more self directed income ideas.
Medical billing and coding,Medical billing and coding: the key details to review.,The point of Medical billing and coding is not the title.,The point is what it helps you do.,That is why clear deliverables and buyer trust matters more.,,,Save this if you want more self directed income ideas.
Medical billing and coding,What matters most in Medical billing and coding.,A cleaner decision starts with one clear sequence.,Check what someone will actually pay to get done.,Then look at how easy the result is to explain.,Then look at how fast trust can be built.,Then look at the real cost of delay.,Save this if you want more self directed income ideas.
Medical billing and coding,Medical billing and coding: the first filter that matters.,The wrong filter makes Medical billing and coding look weaker than it is.,The right filter is what someone will actually pay to get done.,That is where the useful signal is.,,,Save this if you want more self directed income ideas.
Medical billing and coding,A plain way to review Medical billing and coding.,Stop chasing more information too early.,Look for what someone will actually pay to get done.,Look for how fast trust can be built.,That is usually enough for a first pass.,,Save this if you want more self directed income ideas.
Medical billing and coding,Medical billing and coding: where people usually start too late.,People often check this too late.,That is when avoidable mistakes show up.,Medical billing and coding gets easier when you start with the source.,,,Save this if you want more self directed income ideas.
Medical billing and coding,How to compare Medical billing and coding without wasting time.,The first step is usually smaller than people think.,Check what someone will actually pay to get done.,Write down what you find.,Then compare options from there.,,Save this if you want more self directed income ideas.
Medical billing and coding,Medical billing and coding: the details worth checking.,You do not need more noise around Medical billing and coding.,You need a better filter.,Use what someone will actually pay to get done.,Then test the fit.,,Save this if you want more self directed income ideas.
Medical billing and coding,The simplest way to judge Medical billing and coding.,The useful question is simple.,Does this make the next move clearer?,"If yes, keep going.","If not, reset the filter.",,Save this if you want more self directed income ideas.
Medical billing and coding,Medical billing and coding: what actually changes the choice.,Most people focus on the front end.,A better read is the downstream effect.,What does this save or change later?,,,Save this if you want more self directed income ideas.
Medical billing and coding,What to review before you move on Medical billing and coding.,A lot of confusion comes from skipping the less visible part.,That part usually controls the result.,That is why what someone will actually pay to get done matters.,,,Save this if you want more self directed income ideas.
Medical billing and coding,Medical billing and coding: a simpler way to compare it.,The goal is not to collect more talking points.,The goal is to make a better call.,That happens when you check the right things first.,,,Save this if you want more self directed income ideas.
Medical billing and coding,The plain read on Medical billing and coding.,Do not decide on Medical billing and coding from one article or one opinion.,Check the source.,Check the fit.,Then move.,,Save this if you want more self directed income ideas.
Medical billing and coding,Medical billing and coding: use this before making a decision.,The easiest way to reduce risk is simple.,Check what someone will actually pay to get done.,Check how easy the result is to explain.,Check how fast trust can be built.,Then check what changes if you ignore it.,Save this if you want more self directed income ideas.
QuickBooks certification,QuickBooks certification: what to check first.,Start with what this helps you do in real work.,Then check how quickly it shortens the learning curve.,Then check whether it builds trust or confidence.,,,Save this if you are sorting through training options.
QuickBooks certification,How to check QuickBooks certification before you commit.,A common mistake is collecting information without a clear use case.,The better check is usable skill and practical payoff.,That usually tells you more about QuickBooks certification.,,,Save this if you are sorting through training options.
QuickBooks certification,QuickBooks certification looks different once you check these three things.,QuickBooks certification matters more when it helps you choose learning resources that lead to practical use.,That means looking at what this helps you do in real work.,Not just the label or the pitch.,,,Save this if you are sorting through training options.
QuickBooks certification,"Before you choose QuickBooks certification, read this.",Most people start with surface details.,A better sequence starts with what this helps you do in real work.,Then how quickly it shortens the learning curve.,Then compare what still makes sense after the first month.,Then decide whether the fit is real.,Save this if you are sorting through training options.
QuickBooks certification,QuickBooks certification is simpler to check than it seems.,"If you skip the source, the decision gets weaker.",Check what this helps you do in real work.,Check whether it builds trust or confidence.,Then decide whether QuickBooks certification actually fits.,,Save this if you are sorting through training options.
QuickBooks certification,QuickBooks certification: start with the main filter.,The quick read is usually incomplete.,The useful read is about usable skill and practical payoff.,That is what tells you whether QuickBooks certification is worth more review.,,,Save this if you are sorting through training options.
QuickBooks certification,The plain way to look at QuickBooks certification.,Do not start with tools or opinions.,Start with what this helps you do in real work.,Then look at how quickly it shortens the learning curve.,That usually saves time later.,,Save this if you are sorting through training options.
QuickBooks certification,QuickBooks certification: the key details to review.,The point of QuickBooks certification is not the title.,The point is what it helps you do.,That is why usable skill and practical payoff matters more.,,,Save this if you are sorting through training options.
QuickBooks certification,What matters most in QuickBooks certification.,A cleaner decision starts with one clear sequence.,Check what this helps you do in real work.,Then look at how quickly it shortens the learning curve.,Then look at whether it builds trust or confidence.,Then look at the real cost of delay.,Save this if you are sorting through training options.
QuickBooks certification,QuickBooks certification: the first filter that matters.,The wrong filter makes QuickBooks certification look weaker than it is.,The right filter is what this helps you do in real work.,That is where the useful signal is.,,,Save this if you are sorting through training options.
QuickBooks certification,A plain way to review QuickBooks certification.,Stop chasing more information too early.,Look for what this helps you do in real work.,Look for whether it builds trust or confidence.,That is usually enough for a first pass.,,Save this if you are sorting through training options.
QuickBooks certification,QuickBooks certification: where people usually start too late.,People often check this too late.,That is when avoidable mistakes show up.,QuickBooks certification gets easier when you start with the source.,,,Save this if you are sorting through training options.
QuickBooks certification,How to compare QuickBooks certification without wasting time.,The first step is usually smaller than people think.,Check what this helps you do in real work.,Write down what you find.,Then compare options from there.,,Save this if you are sorting through training options.
QuickBooks certification,QuickBooks certification: the details worth checking.,You do not need more noise around QuickBooks certification.,You need a better filter.,Use what this helps you do in real work.,Then test the fit.,,Save this if you are sorting through training options.
QuickBooks certification,The simplest way to judge QuickBooks certification.,The useful question is simple.,Does this make the next move clearer?,"If yes, keep going.","If not, reset the filter.",,Save this if you are sorting through training options.
QuickBooks certification,QuickBooks certification: what actually changes the choice.,Most people focus on the front end.,A better read is the downstream effect.,What does this save or change later?,,,Save this if you are sorting through training options.
QuickBooks certification,What to review before you move on QuickBooks certification.,A lot of confusion comes from skipping the less visible part.,That part usually controls the result.,That is why what this helps you do in real work matters.,,,Save this if you are sorting through training options.
QuickBooks certification,QuickBooks certification: a simpler way to compare it.,The goal is not to collect more talking points.,The goal is to make a better call.,That happens when you check the right things first.,,,Save this if you are sorting through training options.
QuickBooks certification,The plain read on QuickBooks certification.,Do not decide on QuickBooks certification from one article or one opinion.,Check the source.,Check the fit.,Then move.,,Save this if you are sorting through training options.
QuickBooks certification,QuickBooks certification: use this before making a decision.,The easiest way to reduce risk is simple.,Check what this helps you do in real work.,Check how quickly it shortens the learning curve.,Check whether it builds trust or confidence.,Then check what changes if you ignore it.,Save this if you are sorting through training options.
LLC formation services,LLC formation services: what to check first.,Start with what delay or confusion this removes.,Then check what setup work it saves.,Then check what risk it helps reduce.,,,Save this if you are comparing support services.
LLC formation services,How to check LLC formation services before you commit.,A common mistake is buying support before the need is clear.,The better check is time saved and mistakes prevented.,That usually tells you more about LLC formation services.,,,Save this if you are comparing support services.
LLC formation services,LLC formation services looks different once you check these three things.,LLC formation services matters more when it helps you pick support that makes the operation cleaner.,That means looking at what delay or confusion this removes.,Not just the label or the pitch.,,,Save this if you are comparing support services.
LLC formation services,"Before you choose LLC formation services, read this.",Most people start with surface details.,A better sequence starts with what delay or confusion this removes.,Then what setup work it saves.,Then compare what still makes sense after the first month.,Then decide whether the fit is real.,Save this if you are comparing support services.
LLC formation services,LLC formation services is simpler to check than it seems.,"If you skip the source, the decision gets weaker.",Check what delay or confusion this removes.,Check what risk it helps reduce.,Then decide whether LLC formation services actually fits.,,Save this if you are comparing support services.
LLC formation services,LLC formation services: start with the main filter.,The quick read is usually incomplete.,The useful read is about time saved and mistakes prevented.,That is what tells you whether LLC formation services is worth more review.,,,Save this if you are comparing support services.
LLC formation services,The plain way to look at LLC formation services.,Do not start with tools or opinions.,Start with what delay or confusion this removes.,Then look at what setup work it saves.,That usually saves time later.,,Save this if you are comparing support services.
LLC formation services,LLC formation services: the key details to review.,The point of LLC formation services is not the title.,The point is what it helps you do.,That is why time saved and mistakes prevented matters more.,,,Save this if you are comparing support services.
LLC formation services,What matters most in LLC formation services.,A cleaner decision starts with one clear sequence.,Check what delay or confusion this removes.,Then look at what setup work it saves.,Then look at what risk it helps reduce.,Then look at the real cost of delay.,Save this if you are comparing support services.
LLC formation services,LLC formation services: the first filter that matters.,The wrong filter makes LLC formation services look weaker than it is.,The right filter is what delay or confusion this removes.,That is where the useful signal is.,,,Save this if you are comparing support services.
LLC formation services,A plain way to review LLC formation services.,Stop chasing more information too early.,Look for what delay or confusion this removes.,Look for what risk it helps reduce.,That is usually enough for a first pass.,,Save this if you are comparing support services.
LLC formation services,LLC formation services: where people usually start too late.,People often check this too late.,That is when avoidable mistakes show up.,LLC formation services gets easier when you start with the source.,,,Save this if you are comparing support services.
LLC formation services,How to compare LLC formation services without wasting time.,The first step is usually smaller than people think.,Check what delay or confusion this removes.,Write down what you find.,Then compare options from there.,,Save this if you are comparing support services.
LLC formation services,LLC formation services: the details worth checking.,You do not need more noise around LLC formation services.,You need a better filter.,Use what delay or confusion this removes.,Then test the fit.,,Save this if you are comparing support services.
LLC formation services,The simplest way to judge LLC formation services.,The useful question is simple.,Does this make the next move clearer?,"If yes, keep going.","If not, reset the filter.",,Save this if you are comparing support services.
LLC formation services,LLC formation services: what actually changes the choice.,Most people focus on the front end.,A better read is the downstream effect.,What does this save or change later?,,,Save this if you are comparing support services.
LLC formation services,What to review before you move on LLC formation services.,A lot of confusion comes from skipping the less visible part.,That part usually controls the result.,That is why what delay or confusion this removes matters.,,,Save this if you are comparing support services.
LLC formation services,LLC formation services: a simpler way to compare it.,The goal is not to collect more talking points.,The goal is to make a better call.,That happens when you check the right things first.,,,Save this if you are comparing support services.
LLC formation services,The plain read on LLC formation services.,Do not decide on LLC formation services from one article or one opinion.,Check the source.,Check the fit.,Then move.,,Save this if you are comparing support services.
LLC formation services,LLC formation services: use this before making a decision.,The easiest way to reduce risk is simple.,Check what delay or confusion this removes.,Check what setup work it saves.,Check what risk it helps reduce.,Then check what changes if you ignore it.,Save this if you are comparing support services.
Cottage food laws by state,Cottage food laws by state: what to check first.,Start with what changes by state or agency.,Then check what action requires an official source.,Then check what can go wrong if you guess.,,,Save this if you need official links in one place.
Cottage food laws by state,How to check Cottage food laws by state before you commit.,A common mistake is relying on summaries instead of the source.,The better check is official guidance and rule clarity.,That usually tells you more about Cottage food laws by state.,,,Save this if you need official links in one place.
Cottage food laws by state,Cottage food laws by state looks different once you check these three things.,Cottage food laws by state matters more when it helps you check official information before you act.,That means looking at what changes by state or agency.,Not just the label or the pitch.,,,Save this if you need official links in one place.
Cottage food laws by state,"Before you choose Cottage food laws by state, read this.",Most people start with surface details.,A better sequence starts with what changes by state or agency.,Then what action requires an official source.,Then compare what still makes sense after the first month.,Then decide whether the fit is real.,Save this if you need official links in one place.
Cottage food laws by state,Cottage food laws by state is simpler to check than it seems.,"If you skip the source, the decision gets weaker.",Check what changes by state or agency.,Check what can go wrong if you guess.,Then decide whether Cottage food laws by state actually fits.,,Save this if you need official links in one place.
Cottage food laws by state,Cottage food laws by state: start with the main filter.,The quick read is usually incomplete.,The useful read is about official guidance and rule clarity.,That is what tells you whether Cottage food laws by state is worth more review.,,,Save this if you need official links in one place.
Cottage food laws by state,The plain way to look at Cottage food laws by state.,Do not start with tools or opinions.,Start with what changes by state or agency.,Then look at what action requires an official source.,That usually saves time later.,,Save this if you need official links in one place.
Cottage food laws by state,Cottage food laws by state: the key details to review.,The point of Cottage food laws by state is not the title.,The point is what it helps you do.,That is why official guidance and rule clarity matters more.,,,Save this if you need official links in one place.
Cottage food laws by state,What matters most in Cottage food laws by state.,A cleaner decision starts with one clear sequence.,Check what changes by state or agency.,Then look at what action requires an official source.,Then look at what can go wrong if you guess.,Then look at the real cost of delay.,Save this if you need official links in one place.
Cottage food laws by state,Cottage food laws by state: the first filter that matters.,The wrong filter makes Cottage food laws by state look weaker than it is.,The right filter is what changes by state or agency.,That is where the useful signal is.,,,Save this if you need official links in one place.
Cottage food laws by state,A plain way to review Cottage food laws by state.,Stop chasing more information too early.,Look for what changes by state or agency.,Look for what can go wrong if you guess.,That is usually enough for a first pass.,,Save this if you need official links in one place.
Cottage food laws by state,Cottage food laws by state: where people usually start too late.,People often check this too late.,That is when avoidable mistakes show up.,Cottage food laws by state gets easier when you start with the source.,,,Save this if you need official links in one place.
Cottage food laws by state,How to compare Cottage food laws by state without wasting time.,The first step is usually smaller than people think.,Check what changes by state or agency.,Write down what you find.,Then compare options from there.,,Save this if you need official links in one place.
Cottage food laws by state,Cottage food laws by state: the details worth checking.,You do not need more noise around Cottage food laws by state.,You need a better filter.,Use what changes by state or agency.,Then test the fit.,,Save this if you need official links in one place.
Cottage food laws by state,The simplest way to judge Cottage food laws by state.,The useful question is simple.,Does this make the next move clearer?,"If yes, keep going.","If not, reset the filter.",,Save this if you need official links in one place.
Cottage food laws by state,Cottage food laws by state: what actually changes the choice.,Most people focus on the front end.,A better read is the downstream effect.,What does this save or change later?,,,Save this if you need official links in one place.
Cottage food laws by state,What to review before you move on Cottage food laws by state.,A lot of confusion comes from skipping the less visible part.,That part usually controls the result.,That is why what changes by state or agency matters.,,,Save this if you need official links in one place.
Cottage food laws by state,Cottage food laws by state: a simpler way to compare it.,The goal is not to collect more talking points.,The goal is to make a better call.,That happens when you check the right things first.,,,Save this if you need official links in one place.
Cottage food laws by state,The plain read on Cottage food laws by state.,Do not decide on Cottage food laws by state from one article or one opinion.,Check the source.,Check the fit.,Then move.,,Save this if you need official links in one place.
Cottage food laws by state,Cottage food laws by state: use this before making a decision.,The easiest way to reduce risk is simple.,Check what changes by state or agency.,Check what action requires an official source.,Check what can go wrong if you guess.,Then check what changes if you ignore it.,Save this if you need official links in one place.
